Zip Code,City,County,Zip Code Map
30002,Avondale Estates,Dekalb,View Map
30003,Norcross,Gwinnett,View Map
30004,Alpharetta,Fulton,View Map
30005,Alpharetta,Fulton,View Map
30006,Marietta,Cobb,View Map
30007,Marietta,Cobb,View Map
30008,Marietta,Cobb,View Map
30009,Alpharetta,Fulton,View Map
30010,Norcross,Gwinnett,View Map
30011,Auburn,Barrow,View Map
30012,Conyers,Rockdale,View Map
30013,Conyers,Rockdale,View Map
30014,Covington,Newton,View Map
30015,Covington,Newton,View Map
30016,Covington,Newton,View Map
30017,Grayson,Gwinnett,View Map
30018,Jersey,Walton,View Map
30019,Dacula,Gwinnett,View Map
30021,Clarkston,Dekalb,View Map
30022,Alpharetta,Fulton,View Map
30023,Alpharetta,Fulton,View Map
30024,Suwanee,Gwinnett,View Map
30025,Social Circle,Walton,View Map
30026,North Metro,Gwinnett,View Map
30028,Cumming,Forsyth,View Map
30029,North Metro,Gwinnett,View Map
30030,Decatur,Dekalb,View Map
30031,Decatur,Dekalb,View Map
30032,Decatur,Dekalb,View Map
30033,Decatur,Dekalb,View Map
30034,Decatur,Dekalb,View Map
30035,Decatur,Dekalb,View Map
30036,Decatur,Dekalb,View Map
30037,Decatur,Dekalb,View Map
30038,Lithonia,Dekalb,View Map
30039,Snellville,Gwinnett,View Map
30040,Cumming,Forsyth,View Map
30041,Cumming,Forsyth,View Map
30042,Lawrenceville,Gwinnett,View Map
30043,Lawrenceville,Gwinnett,View Map
30044,Lawrenceville,Gwinnett,View Map
30045,Lawrenceville,Gwinnett,View Map
30046,Lawrenceville,Gwinnett,View Map
30047,Lilburn,Gwinnett,View Map
30048,Lilburn,Gwinnett,View Map
30049,Lawrenceville,Gwinnett,View Map
30052,Loganville,Walton,View Map
30054,Oxford,Newton,View Map
30055,Mansfield,Newton,View Map
30056,Newborn,Newton,View Map
30058,Lithonia,Dekalb,View Map
30060,Marietta,Cobb,View Map
30061,Marietta,Cobb,View Map
30062,Marietta,Cobb,View Map
30063,Marietta,Cobb,View Map
30064,Marietta,Cobb,View Map
30065,Marietta,Cobb,View Map
30066,Marietta,Cobb,View Map
30067,Marietta,Cobb,View Map
30068,Marietta,Cobb,View Map
30069,Marietta,Cobb,View Map
30070,Porterdale,Newton,View Map
30071,Norcross,Gwinnett,View Map
30072,Pine Lake,Dekalb,View Map
30073,Decatur,Dekalb,View Map
30074,Redan,Dekalb,View Map
30075,Roswell,Fulton,View Map
30076,Roswell,Fulton,View Map
30077,Roswell,Fulton,View Map
30078,Snellville,Gwinnett,View Map
30079,Scottdale,Dekalb,View Map
30080,Smyrna,Cobb,View Map
30081,Smyrna,Cobb,View Map
30082,Smyrna,Cobb,View Map
30083,Stone Mountain,Dekalb,View Map
30084,Tucker,Dekalb,View Map
30085,Tucker,Dekalb,View Map
30086,Stone Mountain,Dekalb,View Map
30087,Stone Mountain,Dekalb,View Map
30088,Stone Mountain,Dekalb,View Map
30090,Marietta,Cobb,View Map
30091,Norcross,Gwinnett,View Map
30092,Norcross,Gwinnett,View Map
30093,Norcross,Gwinnett,View Map
30094,Conyers,Rockdale,View Map
30095,Duluth,Gwinnett,View Map
30096,Duluth,Gwinnett,View Map
30097,Duluth,Fulton,View Map
30098,Duluth,Gwinnett,View Map
30099,Duluth,Gwinnett,View Map
30101,Acworth,Cobb,View Map
30102,Acworth,Cherokee,View Map
30103,Adairsville,Bartow,View Map
30104,Aragon,Polk,View Map
30105,Armuchee,Floyd,View Map
30106,Austell,Cobb,View Map
30107,Ball Ground,Cherokee,View Map
30108,Bowdon,Carroll,View Map
30109,Bowdon Junction,Carroll,View Map
30110,Bremen,Haralson,View Map
30111,Clarkdale,Cobb,View Map
30112,Carrollton,Carroll,View Map
30113,Buchanan,Haralson,View Map
30114,Canton,Cherokee,View Map
30115,Canton,Cherokee,View Map
30116,Carrollton,Carroll,View Map
30117,Carrollton,Carroll,View Map
30118,Carrollton,Carroll,View Map
30119,Carrollton,Carroll,View Map
30120,Cartersville,Bartow,View Map
30121,Cartersville,Bartow,View Map
30122,Lithia Springs,Douglas,View Map
30123,Cassville,Bartow,View Map
30124,Cave Spring,Floyd,View Map
30125,Cedartown,Polk,View Map
30126,Mableton,Cobb,View Map
30127,Powder Springs,Cobb,View Map
30129,Coosa,Floyd,View Map
30132,Dallas,Paulding,View Map
30133,Douglasville,Douglas,View Map
30134,Douglasville,Douglas,View Map
30135,Douglasville,Douglas,View Map
30137,Emerson,Bartow,View Map
30138,Esom Hill,Polk,View Map
30139,Fairmount,Gordon,View Map
30140,Felton,Haralson,View Map
30141,Hiram,Paulding,View Map
30142,Holly Springs,Cherokee,View Map
30143,Jasper,Pickens,View Map
30144,Kennesaw,Cobb,View Map
30145,Kingston,Bartow,View Map
30146,Lebanon,Cherokee,View Map
30147,Lindale,Floyd,View Map
30148,Marble Hill,Pickens,View Map
30149,Mount Berry,Floyd,View Map
30150,Mount Zion,Carroll,View Map
30151,Nelson,Cherokee,View Map
30152,Kennesaw,Cobb,View Map
30153,Rockmart,Polk,View Map
30154,Douglasville,Douglas,View Map
30156,Kennesaw,Cobb,View Map
30157,Dallas,Paulding,View Map
30160,Kennesaw,Cobb,View Map
30161,Rome,Floyd,View Map
30162,Rome,Floyd,View Map
30163,Rome,Floyd,View Map
30164,Rome,Floyd,View Map
30165,Rome,Floyd,View Map
30168,Austell,Cobb,View Map
30169,Canton,Cherokee,View Map
30170,Roopville,Carroll,View Map
30171,Rydal,Bartow,View Map
30172,Shannon,Floyd,View Map
30173,Silver Creek,Floyd,View Map
30175,Talking Rock,Pickens,View Map
30176,Tallapoosa,Haralson,View Map
30177,Tate,Pickens,View Map
30178,Taylorsville,Bartow,View Map
30179,Temple,Carroll,View Map
30180,Villa Rica,Carroll,View Map
30182,Waco,Haralson,View Map
30183,Waleska,Cherokee,View Map
30184,White,Bartow,View Map
30185,Whitesburg,Carroll,View Map
30187,Winston,Douglas,View Map
30188,Woodstock,Cherokee,View Map
30189,Woodstock,Cherokee,View Map
30204,Barnesville,Lamar,View Map
30205,Brooks,Fayette,View Map
30206,Concord,Pike,View Map
30212,Experiment,Spalding,View Map
30213,Fairburn,Fulton,View Map
30214,Fayetteville,Fayette,View Map
30215,Fayetteville,Fayette,View Map
30216,Flovilla,Butts,View Map
30217,Franklin,Heard,View Map
30218,Gay,Meriwether,View Map
30219,Glenn,Heard,View Map
30220,Grantville,Coweta,View Map
30222,Greenville,Meriwether,View Map
30223,Griffin,Spalding,View Map
30224,Griffin,Spalding,View Map
30228,Hampton,Henry,View Map
30229,Haralson,Coweta,View Map
30230,Hogansville,Troup,View Map
30233,Jackson,Butts,View Map
30234,Jenkinsburg,Butts,View Map
30236,Jonesboro,Clayton,View Map
30237,Jonesboro,Clayton,View Map
30238,Jonesboro,Clayton,View Map
30240,Lagrange,Troup,View Map
30241,Lagrange,Troup,View Map
30248,Locust Grove,Henry,View Map
30250,Lovejoy,Clayton,View Map
30251,Luthersville,Meriwether,View Map
30252,Mcdonough,Henry,View Map
30253,Mcdonough,Henry,View Map
30256,Meansville,Pike,View Map
30257,Milner,Lamar,View Map
30258,Molena,Pike,View Map
30259,Moreland,Coweta,View Map
30260,Morrow,Clayton,View Map
30261,Lagrange,Troup,View Map
30263,Newnan,Coweta,View Map
30264,Newnan,Coweta,View Map
30265,Newnan,Coweta,View Map
30266,Orchard Hill,Spalding,View Map
30268,Palmetto,Fulton,View Map
30269,Peachtree City,Fayette,View Map
30270,Peachtree City,Fayette,View Map
30271,Newnan,Coweta,View Map
30272,Red Oak,Fulton,View Map
30273,Rex,Clayton,View Map
30274,Riverdale,Clayton,View Map
30275,Sargent,Coweta,View Map
30276,Senoia,Coweta,View Map
30277,Sharpsburg,Coweta,View Map
30281,Stockbridge,Henry,View Map
30284,Sunny Side,Coweta,View Map
30285,The Rock,Upson,View Map
30286,Thomaston,Upson,View Map
30287,Morrow,Clayton,View Map
30288,Conley,Clayton,View Map
30289,Turin,Coweta,View Map
30290,Tyrone,Fayette,View Map
30291,Union City,Fulton,View Map
30292,Williamson,Pike,View Map
30293,Woodbury,Meriwether,View Map
30294,Ellenwood,Dekalb,View Map
30295,Zebulon,Pike,View Map
30296,Riverdale,Clayton,View Map
30297,Forest Park,Clayton,View Map
30298,Forest Park,Clayton,View Map
30301,Atlanta,Fulton,View Map
30302,Atlanta,Fulton,View Map
30303,Atlanta,Fulton,View Map
30304,Atlanta,Fulton,View Map
30305,Atlanta,Fulton,View Map
30306,Atlanta,Fulton,View Map
30307,Atlanta,Fulton,View Map
30308,Atlanta,Fulton,View Map
30309,Atlanta,Fulton,View Map
30310,Atlanta,Fulton,View Map
30311,Atlanta,Fulton,View Map
30312,Atlanta,Fulton,View Map
30313,Atlanta,Fulton,View Map
30314,Atlanta,Fulton,View Map
30315,Atlanta,Fulton,View Map
30316,Atlanta,Fulton,View Map
30317,Atlanta,Dekalb,View Map
30318,Atlanta,Fulton,View Map
30319,Atlanta,Dekalb,View Map
30320,Atlanta,Fulton,View Map
30321,Atlanta,Fulton,View Map
30322,Atlanta,Dekalb,View Map
30324,Atlanta,Fulton,View Map
30325,Atlanta,Fulton,View Map
30326,Atlanta,Fulton,View Map
30327,Atlanta,Fulton,View Map
30328,Atlanta,Fulton,View Map
30329,Atlanta,Dekalb,View Map
30330,Atlanta,Fulton,View Map
30331,Atlanta,Fulton,View Map
30332,Atlanta,Fulton,View Map
30333,Atlanta,Dekalb,View Map
30334,Atlanta,Fulton,View Map
30336,Atlanta,Fulton,View Map
30337,Atlanta,Fulton,View Map
30338,Atlanta,Dekalb,View Map
30339,Atlanta,Fulton,View Map
30340,Atlanta,Dekalb,View Map
30341,Atlanta,Dekalb,View Map
30342,Atlanta,Fulton,View Map
30343,Atlanta,Fulton,View Map
30344,Atlanta,Fulton,View Map
30345,Atlanta,Dekalb,View Map
30346,Atlanta,Dekalb,View Map
30347,Atlanta,Fulton,View Map
30348,Atlanta,Fulton,View Map
30349,Atlanta,Fulton,View Map
30350,Atlanta,Fulton,View Map
30353,Atlanta,Fulton,View Map
30354,Atlanta,Fulton,View Map
30355,Atlanta,Fulton,View Map
30356,Atlanta,Dekalb,View Map
30357,Atlanta,Fulton,View Map
30358,Atlanta,Fulton,View Map
30359,Atlanta,Dekalb,View Map
30360,Atlanta,Dekalb,View Map
30361,Atlanta,Fulton,View Map
30362,Atlanta,Dekalb,View Map
30363,Atlanta,Fulton,View Map
30364,Atlanta,Fulton,View Map
30366,Atlanta,Dekalb,View Map
30368,Atlanta,Fulton,View Map
30369,Atlanta,Fulton,View Map
30370,Atlanta,Fulton,View Map
30371,Atlanta,Fulton,View Map
30374,Atlanta,Fulton,View Map
30375,Atlanta,Fulton,View Map
30376,Atlanta,Fulton,View Map
30377,Atlanta,Fulton,View Map
30378,Atlanta,Fulton,View Map
30379,Atlanta,Fulton,View Map
30380,Atlanta,Fulton,View Map
30384,Atlanta,Fulton,View Map
30385,Atlanta,Fulton,View Map
30386,Atlanta,Fulton,View Map
30387,Atlanta,Fulton,View Map
30388,Atlanta,Fulton,View Map
30389,Atlanta,Fulton,View Map
30390,Atlanta,Fulton,View Map
30392,Atlanta,Fulton,View Map
30394,Atlanta,Fulton,View Map
30396,Atlanta,Fulton,View Map
30398,Atlanta,Fulton,View Map
30399,Atlanta,Fulton,View Map
30401,Swainsboro,Emanuel,View Map
30410,Ailey,Montgomery,View Map
30411,Alamo,Wheeler,View Map
30412,Alston,Montgomery,View Map
30413,Bartow,Jefferson,View Map
30414,Bellville,Evans,View Map
30415,Brooklet,Bulloch,View Map
30417,Claxton,Evans,View Map
30420,Cobbtown,Tattnall,View Map
30421,Collins,Tattnall,View Map
30423,Daisy,Evans,View Map
30424,Dover,Screven,View Map
30425,Garfield,Emanuel,View Map
30426,Girard,Burke,View Map
30427,Glennville,Tattnall,View Map
30428,Glenwood,Wheeler,View Map
30429,Hagan,Evans,View Map
30434,Louisville,Jefferson,View Map
30436,Lyons,Toombs,View Map
30438,Manassas,Tattnall,View Map
30439,Metter,Candler,View Map
30441,Midville,Burke,View Map
30442,Millen,Jenkins,View Map
30445,Mount Vernon,Montgomery,View Map
30446,Newington,Screven,View Map
30447,Norristown,Emanuel,View Map
30448,Nunez,Emanuel,View Map
30449,Oliver,Screven,View Map
30450,Portal,Bulloch,View Map
30451,Pulaski,Candler,View Map
30452,Register,Bulloch,View Map
30453,Reidsville,Tattnall,View Map
30454,Rockledge,Laurens,View Map
30455,Rocky Ford,Screven,View Map
30456,Sardis,Burke,View Map
30457,Soperton,Treutlen,View Map
30458,Statesboro,Bulloch,View Map
30459,Statesboro,Bulloch,View Map
30460,Statesboro,Bulloch,View Map
30461,Statesboro,Bulloch,View Map
30464,Stillmore,Emanuel,View Map
30467,Sylvania,Screven,View Map
30470,Tarrytown,Montgomery,View Map
30471,Twin City,Emanuel,View Map
30473,Uvalda,Montgomery,View Map
30474,Vidalia,Toombs,View Map
30475,Vidalia,Toombs,View Map
30477,Wadley,Jefferson,View Map
30499,Reidsville,Tattnall,View Map
30501,Gainesville,Hall,View Map
30502,Chestnut Mountain,Hall,View Map
30503,Gainesville,Hall,View Map
30504,Gainesville,Hall,View Map
30506,Gainesville,Hall,View Map
30507,Gainesville,Hall,View Map
30510,Alto,Habersham,View Map
30511,Baldwin,Banks,View Map
30512,Blairsville,Union,View Map
30513,Blue Ridge,Fannin,View Map
30514,Blairsville,Union,View Map
30515,Buford,Gwinnett,View Map
30516,Bowersville,Hart,View Map
30517,Braselton,Jackson,View Map
30518,Buford,Gwinnett,View Map
30519,Buford,Gwinnett,View Map
30520,Canon,Franklin,View Map
30521,Carnesville,Franklin,View Map
30522,Cherrylog,Gilmer,View Map
30523,Clarkesville,Habersham,View Map
30525,Clayton,Rabun,View Map
30527,Clermont,Hall,View Map
30528,Cleveland,White,View Map
30529,Commerce,Jackson,View Map
30530,Commerce,Banks,View Map
30531,Cornelia,Habersham,View Map
30533,Dahlonega,Lumpkin,View Map
30534,Dawsonville,Dawson,View Map
30535,Demorest,Habersham,View Map
30536,Ellijay,Gilmer,View Map
30537,Dillard,Rabun,View Map
30538,Eastanollee,Stephens,View Map
30539,East Ellijay,Gilmer,View Map
30540,Ellijay,Gilmer,View Map
30541,Epworth,Fannin,View Map
30542,Flowery Branch,Hall,View Map
30543,Gillsville,Hall,View Map
30544,Demorest,Habersham,View Map
30545,Helen,White,View Map
30546,Hiawassee,Towns,View Map
30547,Homer,Banks,View Map
30548,Hoschton,Jackson,View Map
30549,Jefferson,Jackson,View Map
30552,Lakemont,Rabun,View Map
30553,Lavonia,Franklin,View Map
30554,Lula,Hall,View Map
30555,Mc Caysville,Fannin,View Map
30557,Martin,Stephens,View Map
30558,Maysville,Banks,View Map
30559,Mineral Bluff,Fannin,View Map
30560,Morganton,Fannin,View Map
30562,Mountain City,Rabun,View Map
30563,Mount Airy,Habersham,View Map
30564,Murrayville,Hall,View Map
30565,Nicholson,Jackson,View Map
30566,Oakwood,Hall,View Map
30567,Pendergrass,Jackson,View Map
30568,Rabun Gap,Rabun,View Map
30571,Sautee Nacoochee,White,View Map
30572,Suches,Union,View Map
30573,Tallulah Falls,Rabun,View Map
30575,Talmo,Jackson,View Map
30576,Tiger,Rabun,View Map
30577,Toccoa,Stephens,View Map
30580,Turnerville,Habersham,View Map
30581,Wiley,Rabun,View Map
30582,Young Harris,Towns,View Map
30596,Alto,Habersham,View Map
30597,Dahlonega,Lumpkin,View Map
30598,Toccoa Falls,Stephens,View Map
30599,Commerce,Jackson,View Map
30601,Athens,Clarke,View Map
30602,Athens,Clarke,View Map
30603,Athens,Clarke,View Map
30604,Athens,Clarke,View Map
30605,Athens,Clarke,View Map
30606,Athens,Clarke,View Map
30607,Athens,Clarke,View Map
30608,Athens,Clarke,View Map
30609,Athens,Clarke,View Map
30612,Athens,Clarke,View Map
30619,Arnoldsville,Oglethorpe,View Map
30620,Bethlehem,Barrow,View Map
30621,Bishop,Oconee,View Map
30622,Bogart,Oconee,View Map
30623,Bostwick,Morgan,View Map
30624,Bowman,Elbert,View Map
30625,Buckhead,Morgan,View Map
30627,Carlton,Madison,View Map
30628,Colbert,Madison,View Map
30629,Comer,Madison,View Map
30630,Crawford,Oglethorpe,View Map
30631,Crawfordville,Taliaferro,View Map
30633,Danielsville,Madison,View Map
30634,Dewy Rose,Elbert,View Map
30635,Elberton,Elbert,View Map
30638,Farmington,Oconee,View Map
30639,Franklin Springs,Franklin,View Map
30641,Good Hope,Walton,View Map
30642,Greensboro,Greene,View Map
30643,Hartwell,Hart,View Map
30645,High Shoals,Morgan,View Map
30646,Hull,Madison,View Map
30647,Ila,Madison,View Map
30648,Lexington,Oglethorpe,View Map
30650,Madison,Morgan,View Map
30655,Monroe,Walton,View Map
30656,Monroe,Walton,View Map
30660,Rayle,Wilkes,View Map
30662,Royston,Franklin,View Map
30663,Rutledge,Morgan,View Map
30664,Sharon,Taliaferro,View Map
30665,Siloam,Greene,View Map
30666,Statham,Barrow,View Map
30667,Stephens,Oglethorpe,View Map
30668,Tignall,Wilkes,View Map
30669,Union Point,Greene,View Map
30671,Maxeys,Oglethorpe,View Map
30673,Washington,Wilkes,View Map
30677,Watkinsville,Oconee,View Map
30678,White Plains,Greene,View Map
30680,Winder,Barrow,View Map
30683,Winterville,Clarke,View Map
30701,Calhoun,Gordon,View Map
30703,Calhoun,Gordon,View Map
30705,Chatsworth,Murray,View Map
30707,Chickamauga,Walker,View Map
30708,Cisco,Murray,View Map
30710,Cohutta,Whitfield,View Map
30711,Crandall,Murray,View Map
30719,Dalton,Whitfield,View Map
30720,Dalton,Whitfield,View Map
30721,Dalton,Whitfield,View Map
30722,Dalton,Whitfield,View Map
30724,Eton,Murray,View Map
30725,Flintstone,Walker,View Map
30726,Graysville,Catoosa,View Map
30728,La Fayette,Walker,View Map
30730,Lyerly,Chattooga,View Map
30731,Menlo,Chattooga,View Map
30732,Oakman,Gordon,View Map
30733,Plainville,Gordon,View Map
30734,Ranger,Gordon,View Map
30735,Resaca,Gordon,View Map
30736,Ringgold,Catoosa,View Map
30738,Rising Fawn,Dade,View Map
30739,Rock Spring,Walker,View Map
30740,Rocky Face,Whitfield,View Map
30741,Rossville,Walker,View Map
30742,Fort Oglethorpe,Catoosa,View Map
30746,Sugar Valley,Gordon,View Map
30747,Summerville,Chattooga,View Map
30750,Lookout Mountain,Walker,View Map
30751,Tennga,Murray,View Map
30752,Trenton,Dade,View Map
30753,Trion,Chattooga,View Map
30755,Tunnel Hill,Whitfield,View Map
30756,Varnell,Whitfield,View Map
30757,Wildwood,Dade,View Map
30802,Appling,Columbia,View Map
30803,Avera,Jefferson,View Map
30805,Blythe,Richmond,View Map
30806,Boneville,Mcduffie,View Map
30807,Camak,Warren,View Map
30808,Dearing,Mcduffie,View Map
30809,Evans,Columbia,View Map
30810,Gibson,Glascock,View Map
30811,Gough,Burke,View Map
30812,Gracewood,Richmond,View Map
30813,Grovetown,Columbia,View Map
30814,Harlem,Columbia,View Map
30815,Hephzibah,Richmond,View Map
30816,Keysville,Burke,View Map
30817,Lincolnton,Lincoln,View Map
30818,Matthews,Jefferson,View Map
30819,Mesena,Warren,View Map
30820,Mitchell,Glascock,View Map
30821,Norwood,Warren,View Map
30822,Perkins,Jenkins,View Map
30823,Stapleton,Jefferson,View Map
30824,Thomson,Mcduffie,View Map
30828,Warrenton,Warren,View Map
30830,Waynesboro,Burke,View Map
30833,Wrens,Jefferson,View Map
30901,Augusta,Richmond,View Map
30903,Augusta,Richmond,View Map
30904,Augusta,Richmond,View Map
30905,Augusta,Richmond,View Map
30906,Augusta,Richmond,View Map
30907,Augusta,Columbia,View Map
30909,Augusta,Richmond,View Map
30911,Augusta,Richmond,View Map
30912,Augusta,Richmond,View Map
30913,Augusta,Richmond,View Map
30914,Augusta,Richmond,View Map
30916,Augusta,Richmond,View Map
30917,Augusta,Columbia,View Map
30919,Augusta,Richmond,View Map
30999,Augusta,Richmond,View Map
31001,Abbeville,Wilcox,View Map
31002,Adrian,Emanuel,View Map
31003,Allentown,Wilkinson,View Map
31004,Bolingbroke,Monroe,View Map
31005,Bonaire,Houston,View Map
31006,Butler,Taylor,View Map
31007,Byromville,Dooly,View Map
31008,Byron,Peach,View Map
31009,Cadwell,Laurens,View Map
31010,Cordele,Crisp,View Map
31011,Chauncey,Dodge,View Map
31012,Chester,Dodge,View Map
31013,Clinchfield,Houston,View Map
31014,Cochran,Bleckley,View Map
31015,Cordele,Crisp,View Map
31016,Culloden,Monroe,View Map
31017,Danville,Twiggs,View Map
31018,Davisboro,Washington,View Map
31019,Dexter,Laurens,View Map
31020,Dry Branch,Twiggs,View Map
31021,Dublin,Laurens,View Map
31022,Dudley,Laurens,View Map
31023,Eastman,Dodge,View Map
31024,Eatonton,Putnam,View Map
31025,Elko,Houston,View Map
31026,Eatonton,Putnam,View Map
31027,East Dublin,Laurens,View Map
31028,Centerville,Houston,View Map
31029,Forsyth,Monroe,View Map
31030,Fort Valley,Peach,View Map
31031,Gordon,Wilkinson,View Map
31032,Gray,Jones,View Map
31033,Haddock,Jones,View Map
31034,Hardwick,Baldwin,View Map
31035,Harrison,Washington,View Map
31036,Hawkinsville,Pulaski,View Map
31037,Helena,Telfair,View Map
31038,Hillsboro,Jasper,View Map
31039,Howard,Taylor,View Map
31040,Dublin,Laurens,View Map
31041,Ideal,Macon,View Map
31042,Irwinton,Wilkinson,View Map
31044,Jeffersonville,Twiggs,View Map
31045,Jewell,Warren,View Map
31046,Juliette,Monroe,View Map
31047,Kathleen,Houston,View Map
31049,Kite,Johnson,View Map
31050,Knoxville,Crawford,View Map
31051,Lilly,Dooly,View Map
31052,Lizella,Crawford,View Map
31054,Mc Intyre,Wilkinson,View Map
31055,Mc Rae,Telfair,View Map
31057,Marshallville,Macon,View Map
31058,Mauk,Marion,View Map
31059,Milledgeville,Baldwin,View Map
31060,Milan,Telfair,View Map
31061,Milledgeville,Baldwin,View Map
31062,Milledgeville,Baldwin,View Map
31063,Montezuma,Macon,View Map
31064,Monticello,Jasper,View Map
31065,Montrose,Laurens,View Map
31066,Musella,Crawford,View Map
31067,Oconee,Washington,View Map
31068,Oglethorpe,Macon,View Map
31069,Perry,Houston,View Map
31070,Pinehurst,Dooly,View Map
31071,Pineview,Wilcox,View Map
31072,Pitts,Wilcox,View Map
31075,Rentz,Laurens,View Map
31076,Reynolds,Taylor,View Map
31077,Rhine,Dodge,View Map
31078,Roberta,Crawford,View Map
31079,Rochelle,Wilcox,View Map
31081,Rupert,Taylor,View Map
31082,Sandersville,Washington,View Map
31083,Scotland,Telfair,View Map
31084,Seville,Wilcox,View Map
31085,Shady Dale,Jasper,View Map
31086,Smarr,Monroe,View Map
31087,Sparta,Hancock,View Map
31088,Warner Robins,Houston,View Map
31089,Tennille,Washington,View Map
31090,Toomsboro,Wilkinson,View Map
31091,Unadilla,Dooly,View Map
31092,Vienna,Dooly,View Map
31093,Warner Robins,Houston,View Map
31094,Warthen,Washington,View Map
31095,Warner Robins,Houston,View Map
31096,Wrightsville,Johnson,View Map
31097,Yatesville,Upson,View Map
31098,Warner Robins,Houston,View Map
31099,Warner Robins,Houston,View Map
31106,Atlanta,Fulton,View Map
31107,Atlanta,Fulton,View Map
31119,Atlanta,Dekalb,View Map
31120,Atlanta,Dekalb,View Map
31126,Atlanta,Fulton,View Map
31131,Atlanta,Fulton,View Map
31136,Atlanta,Fulton,View Map
31139,Atlanta,Fulton,View Map
31141,Atlanta,Dekalb,View Map
31145,Atlanta,Dekalb,View Map
31146,Atlanta,Dekalb,View Map
31150,Atlanta,Fulton,View Map
31156,Atlanta,Fulton,View Map
31191,Atlanta,Fulton,View Map
31192,Atlanta,Fulton,View Map
31193,Atlanta,Fulton,View Map
31195,Atlanta,Fulton,View Map
31196,Atlanta,Fulton,View Map
31197,Atlanta,Fulton,View Map
31198,Atlanta,Fulton,View Map
31199,Atlanta,Fulton,View Map
31201,Macon,Bibb,View Map
31202,Macon,Bibb,View Map
31203,Macon,Bibb,View Map
31204,Macon,Bibb,View Map
31205,Macon,Bibb,View Map
31206,Macon,Bibb,View Map
31207,Macon,Bibb,View Map
31208,Macon,Bibb,View Map
31209,Macon,Bibb,View Map
31210,Macon,Bibb,View Map
31211,Macon,Bibb,View Map
31212,Macon,Bibb,View Map
31213,Macon,Bibb,View Map
31216,Macon,Bibb,View Map
31217,Macon,Bibb,View Map
31220,Macon,Bibb,View Map
31221,Macon,Bibb,View Map
31294,Macon,Bibb,View Map
31295,Macon,Bibb,View Map
31296,Macon,Bibb,View Map
31297,Macon,Bibb,View Map
31301,Allenhurst,Liberty,View Map
31302,Bloomingdale,Chatham,View Map
31303,Clyo,Effingham,View Map
31304,Crescent,Mcintosh,View Map
31305,Darien,Mcintosh,View Map
31307,Eden,Effingham,View Map
31308,Ellabell,Bryan,View Map
31309,Fleming,Liberty,View Map
31310,Hinesville,Liberty,View Map
31312,Guyton,Effingham,View Map
31313,Hinesville,Liberty,View Map
31314,Fort Stewart,Liberty,View Map
31315,Fort Stewart,Liberty,View Map
31316,Ludowici,Long,View Map
31318,Meldrim,Effingham,View Map
31319,Meridian,Mcintosh,View Map
31320,Midway,Liberty,View Map
31321,Pembroke,Bryan,View Map
31322,Pooler,Chatham,View Map
31323,Riceboro,Liberty,View Map
31324,Richmond Hill,Bryan,View Map
31326,Rincon,Effingham,View Map
31327,Sapelo Island,Mcintosh,View Map
31328,Tybee Island,Chatham,View Map
31329,Springfield,Effingham,View Map
31331,Townsend,Mcintosh,View Map
31333,Walthourville,Liberty,View Map
31401,Savannah,Chatham,View Map
31402,Savannah,Chatham,View Map
31403,Savannah,Chatham,View Map
31404,Savannah,Chatham,View Map
31405,Savannah,Chatham,View Map
31406,Savannah,Chatham,View Map
31407,Savannah,Chatham,View Map
31408,Savannah,Chatham,View Map
31409,Savannah,Chatham,View Map
31410,Savannah,Chatham,View Map
31411,Savannah,Chatham,View Map
31412,Savannah,Chatham,View Map
31414,Savannah,Chatham,View Map
31415,Savannah,Chatham,View Map
31416,Savannah,Chatham,View Map
31418,Savannah,Chatham,View Map
31419,Savannah,Chatham,View Map
31420,Savannah,Chatham,View Map
31421,Savannah,Chatham,View Map
31501,Waycross,Ware,View Map
31502,Waycross,Ware,View Map
31503,Waycross,Ware,View Map
31510,Alma,Bacon,View Map
31512,Ambrose,Coffee,View Map
31513,Baxley,Appling,View Map
31515,Baxley,Appling,View Map
31516,Blackshear,Pierce,View Map
31518,Bristol,Pierce,View Map
31519,Broxton,Coffee,View Map
31520,Brunswick,Glynn,View Map
31521,Brunswick,Glynn,View Map
31522,Saint Simons Island,Glynn,View Map
31523,Brunswick,Glynn,View Map
31524,Brunswick,Glynn,View Map
31525,Brunswick,Glynn,View Map
31527,Jekyll Island,Glynn,View Map
31532,Denton,Jeff Davis,View Map
31533,Douglas,Coffee,View Map
31534,Douglas,Coffee,View Map
31535,Douglas,Coffee,View Map
31537,Folkston,Charlton,View Map
31539,Hazlehurst,Jeff Davis,View Map
31542,Hoboken,Brantley,View Map
31543,Hortense,Brantley,View Map
31544,Jacksonville,Telfair,View Map
31545,Jesup,Wayne,View Map
31546,Jesup,Wayne,View Map
31547,Kings Bay,Camden,View Map
31548,Kingsland,Camden,View Map
31549,Lumber City,Telfair,View Map
31550,Manor,Ware,View Map
31551,Mershon,Pierce,View Map
31552,Millwood,Ware,View Map
31553,Nahunta,Brantley,View Map
31554,Nicholls,Coffee,View Map
31555,Odum,Wayne,View Map
31556,Offerman,Pierce,View Map
31557,Patterson,Pierce,View Map
31558,Saint Marys,Camden,View Map
31560,Screven,Wayne,View Map
31561,Sea Island,Glynn,View Map
31562,Saint George,Charlton,View Map
31563,Surrency,Appling,View Map
31564,Waresboro,Ware,View Map
31565,Waverly,Camden,View Map
31566,Waynesville,Brantley,View Map
31567,West Green,Coffee,View Map
31568,White Oak,Camden,View Map
31569,Woodbine,Camden,View Map
31598,Jesup,Wayne,View Map
31599,Jesup,Wayne,View Map
31601,Valdosta,Lowndes,View Map
31602,Valdosta,Lowndes,View Map
31603,Valdosta,Lowndes,View Map
31604,Valdosta,Lowndes,View Map
31605,Valdosta,Lowndes,View Map
31606,Valdosta,Lowndes,View Map
31620,Adel,Cook,View Map
31622,Alapaha,Berrien,View Map
31623,Argyle,Clinch,View Map
31624,Axson,Atkinson,View Map
31625,Barney,Brooks,View Map
31626,Boston,Thomas,View Map
31627,Cecil,Cook,View Map
31629,Dixie,Brooks,View Map
31630,Du Pont,Clinch,View Map
31631,Fargo,Clinch,View Map
31632,Hahira,Lowndes,View Map
31634,Homerville,Clinch,View Map
31635,Lakeland,Lanier,View Map
31636,Lake Park,Lowndes,View Map
31637,Lenox,Cook,View Map
31638,Morven,Brooks,View Map
31639,Nashville,Berrien,View Map
31641,Naylor,Lowndes,View Map
31642,Pearson,Atkinson,View Map
31643,Quitman,Brooks,View Map
31645,Ray City,Berrien,View Map
31647,Sparks,Cook,View Map
31648,Statenville,Echols,View Map
31649,Stockton,Lanier,View Map
31650,Willacoochee,Atkinson,View Map
31698,Valdosta,Lowndes,View Map
31699,Moody A F B,Lowndes,View Map
31701,Albany,Dougherty,View Map
31702,Albany,Dougherty,View Map
31703,Albany,Dougherty,View Map
31704,Albany,Dougherty,View Map
31705,Albany,Dougherty,View Map
31706,Albany,Dougherty,View Map
31707,Albany,Dougherty,View Map
31708,Albany,Dougherty,View Map
31709,Americus,Sumter,View Map
31710,Americus,Sumter,View Map
31711,Andersonville,Sumter,View Map
31712,Arabi,Crisp,View Map
31714,Ashburn,Turner,View Map
31716,Baconton,Mitchell,View Map
31719,Americus,Sumter,View Map
31720,Barwick,Brooks,View Map
31721,Albany,Dougherty,View Map
31722,Berlin,Colquitt,View Map
31727,Brookfield,Tift,View Map
31730,Camilla,Mitchell,View Map
31733,Chula,Tift,View Map
31735,Cobb,Sumter,View Map
31738,Coolidge,Thomas,View Map
31739,Cotton,Mitchell,View Map
31743,De Soto,Sumter,View Map
31744,Doerun,Colquitt,View Map
31747,Ellenton,Colquitt,View Map
31749,Enigma,Berrien,View Map
31750,Fitzgerald,Ben Hill,View Map
31753,Funston,Colquitt,View Map
31756,Hartsfield,Colquitt,View Map
31757,Thomasville,Thomas,View Map
31758,Thomasville,Thomas,View Map
31760,Irwinville,Irwin,View Map
31763,Leesburg,Lee,View Map
31764,Leslie,Sumter,View Map
31765,Meigs,Thomas,View Map
31768,Moultrie,Colquitt,View Map
31769,Mystic,Irwin,View Map
31771,Norman Park,Colquitt,View Map
31772,Oakfield,Worth,View Map
31773,Ochlocknee,Thomas,View Map
31774,Ocilla,Irwin,View Map
31775,Omega,Tift,View Map
31776,Moultrie,Colquitt,View Map
31778,Pavo,Thomas,View Map
31779,Pelham,Mitchell,View Map
31780,Plains,Sumter,View Map
31781,Poulan,Worth,View Map
31782,Putney,Dougherty,View Map
31783,Rebecca,Turner,View Map
31784,Sale City,Mitchell,View Map
31787,Smithville,Lee,View Map
31788,Moultrie,Colquitt,View Map
31789,Sumner,Worth,View Map
31790,Sycamore,Turner,View Map
31791,Sylvester,Worth,View Map
31792,Thomasville,Thomas,View Map
31793,Tifton,Tift,View Map
31794,Tifton,Tift,View Map
31795,Ty Ty,Tift,View Map
31796,Warwick,Worth,View Map
31798,Wray,Irwin,View Map
31799,Thomasville,Thomas,View Map
31801,Box Springs,Talbot,View Map
31803,Buena Vista,Marion,View Map
31804,Cataula,Harris,View Map
31805,Cusseta,Chattahoochee,View Map
31806,Ellaville,Schley,View Map
31807,Ellerslie,Harris,View Map
31808,Fortson,Muscogee,View Map
31810,Geneva,Talbot,View Map
31811,Hamilton,Harris,View Map
31812,Junction City,Talbot,View Map
31814,Louvale,Stewart,View Map
31815,Lumpkin,Stewart,View Map
31816,Manchester,Meriwether,View Map
31820,Midland,Muscogee,View Map
31821,Omaha,Stewart,View Map
31822,Pine Mountain,Harris,View Map
31823,Pine Mountain Valley,Harris,View Map
31824,Preston,Webster,View Map
31825,Richland,Stewart,View Map
31826,Shiloh,Harris,View Map
31827,Talbotton,Talbot,View Map
31829,Upatoi,Muscogee,View Map
31830,Warm Springs,Meriwether,View Map
31831,Waverly Hall,Harris,View Map
31832,Weston,Webster,View Map
31833,West Point,Troup,View Map
31836,Woodland,Talbot,View Map
31901,Columbus,Muscogee,View Map
31902,Columbus,Muscogee,View Map
31903,Columbus,Muscogee,View Map
31904,Columbus,Muscogee,View Map
31905,Fort Benning,Muscogee,View Map
31906,Columbus,Muscogee,View Map
31907,Columbus,Muscogee,View Map
31908,Columbus,Muscogee,View Map
31909,Columbus,Muscogee,View Map
31914,Columbus,Muscogee,View Map
31917,Columbus,Muscogee,View Map
31993,Columbus,Muscogee,View Map
31995,Fort Benning,Muscogee,View Map
31997,Columbus,Muscogee,View Map
31998,Columbus,Muscogee,View Map
31999,Columbus,Muscogee,View Map
39813,Arlington,Calhoun,View Map
39815,Attapulgus,Decatur,View Map
39817,Bainbridge,Decatur,View Map
39818,Bainbridge,Decatur,View Map
39819,Bainbridge,Decatur,View Map
39823,Blakely,Early,View Map
39824,Bluffton,Clay,View Map
39825,Brinson,Decatur,View Map
39826,Bronwood,Terrell,View Map
39827,Cairo,Grady,View Map
39828,Cairo,Grady,View Map
39829,Calvary,Grady,View Map
39832,Cedar Springs,Early,View Map
39834,Climax,Decatur,View Map
39836,Coleman,Randolph,View Map
39837,Colquitt,Miller,View Map
39840,Cuthbert,Randolph,View Map
39841,Damascus,Early,View Map
39842,Dawson,Terrell,View Map
39845,Donalsonville,Seminole,View Map
39846,Edison,Calhoun,View Map
39851,Fort Gaines,Clay,View Map
39852,Fowlstown,Decatur,View Map
39854,Georgetown,Quitman,View Map
39859,Iron City,Seminole,View Map
39861,Jakin,Early,View Map
39862,Leary,Calhoun,View Map
39866,Morgan,Calhoun,View Map
39867,Morris,Quitman,View Map
39870,Newton,Baker,View Map
39877,Parrott,Terrell,View Map
39885,Sasser,Terrell,View Map
39886,Shellman,Randolph,View Map
39897,Whigham,Grady,View Map
39901,Atlanta,Dekalb,View Map
